time,contains_violin,contains_vocal,contains_mridangam
0.0,0,0,0
0.25,0,0,0
0.5,0,0,0
0.75,0,0,0
1.0,0,0,0
1.25,0,0,0
1.5,0,0,0
1.75,0,0,0
2.0,0,0,0
2.25,0,0,0
2.5,0,0,0
2.75,0,0,0
3.0,0,0,0
3.25,0,0,0
3.5,0,0,0
3.75,0,0,0
4.0,0,0,0
4.25,1,1,0
4.5,1,1,0
4.75,1,1,1
5.0,1,1,0
5.25,1,1,0
5.5,0,1,0
5.75,0,1,0
6.0,0,1,0
6.25,0,1,0
6.5,0,1,0
6.75,0,1,0
7.0,0,1,0
7.25,0,1,0
7.5,1,1,0
7.75,0,1,0
8.0,0,1,0
8.25,0,1,0
8.5,0,1,0
8.75,0,1,0
9.0,0,0,0
9.25,0,0,0
9.5,0,0,0
9.75,0,0,0
10.0,0,0,0
10.25,0,0,0
10.5,0,0,0
10.75,1,0,0
11.0,1,0,0
11.25,1,0,0
11.5,1,0,0
11.75,1,0,0
12.0,0,0,0
12.25,1,1,0
12.5,0,1,0
12.75,1,1,0
13.0,0,1,0
13.25,0,1,0
13.5,0,1,0
13.75,0,1,0
14.0,0,1,0
14.25,0,1,0
14.5,0,1,0
14.75,0,1,0
15.0,0,1,0
15.25,0,1,0
15.5,1,1,0
15.75,1,1,0
16.0,1,1,1
16.25,1,1,1
16.5,1,1,0
16.75,1,1,0
17.0,0,0,0
17.25,1,0,0
17.5,0,0,0
17.75,1,0,0
18.0,1,0,0
18.25,0,0,0
18.5,0,0,0
18.75,1,1,0
19.0,1,1,0
19.25,1,1,0
19.5,1,0,0
19.75,1,1,0
20.0,1,1,0
20.25,1,1,1
20.5,0,1,0
20.75,0,1,0
21.0,0,1,1
21.25,1,1,1
21.5,1,1,0
21.75,1,1,0
22.0,1,1,1
22.25,1,0,0
22.5,1,0,0
22.75,0,0,0
23.0,1,0,0
23.25,1,0,0
23.5,1,1,1
23.75,1,1,1
24.0,1,1,1
24.25,0,1,0
24.5,0,1,1
24.75,0,1,0
25.0,0,1,1
25.25,0,1,0
25.5,0,1,0
25.75,0,1,0
26.0,1,0,1
26.25,1,0,0
26.5,0,0,0
26.75,0,0,0
27.0,0,0,0
27.25,1,0,0
27.5,1,1,1
27.75,1,1,1
28.0,1,1,0
28.25,1,1,1
28.5,1,1,1
28.75,1,1,1
29.0,1,1,1
29.25,0,1,0
29.5,0,1,1
29.75,1,1,0
30.0,0,1,0
30.25,1,1,0
30.5,0,1,0
30.75,0,1,0
31.0,0,1,0
31.25,0,1,0
31.5,0,1,0
31.75,0,1,0
32.0,0,1,0
32.25,0,1,0
32.5,1,1,0
32.75,1,1,0
33.0,1,1,0
33.25,1,1,0
33.5,1,1,0
33.75,1,1,0
34.0,1,1,0
34.25,1,1,0
34.5,1,0,0
34.75,0,0,0
35.0,0,0,0
35.25,0,0,0
35.5,1,0,1
35.75,1,1,1
36.0,1,1,0
36.25,1,1,0
36.5,1,1,1
36.75,1,1,1
37.0,1,1,1
37.25,1,1,0
37.5,1,1,1
37.75,1,1,1
38.0,1,1,1
38.25,1,1,1
38.5,1,1,1
38.75,1,1,1
39.0,1,1,1
39.25,1,1,1
39.5,1,1,1
39.75,1,1,1
40.0,0,0,0
40.25,1,0,1
40.5,0,0,0
40.75,1,1,1
41.0,1,1,1
41.25,1,1,1
41.5,1,1,1
41.75,1,1,1
42.0,1,1,1
42.25,1,1,1
42.5,1,1,0
42.75,1,1,0
43.0,1,1,1
43.25,1,1,0
43.5,1,1,1
43.75,1,1,1
44.0,1,1,1
44.25,1,1,0
44.5,1,1,1
44.75,1,1,0
45.0,1,1,0
45.25,1,1,1
45.5,1,0,0
45.75,1,1,1
46.0,1,1,1
46.25,1,1,1
46.5,1,1,1
46.75,1,1,1
47.0,1,1,1
47.25,1,1,0
47.5,1,1,1
47.75,1,1,1
48.0,1,1,0
48.25,1,0,0
48.5,1,1,1
48.75,1,1,1
49.0,1,1,1
49.25,1,1,1
49.5,1,1,1
49.75,1,1,1
50.0,1,1,1
50.25,1,1,1
50.5,1,0,1
50.75,1,0,1
51.0,1,1,1
51.25,1,1,1
51.5,1,1,1
51.75,1,1,1
52.0,1,1,1
52.25,1,1,1
52.5,1,1,1
52.75,1,1,1
53.0,1,1,1
53.25,1,1,1
53.5,1,1,1
53.75,1,1,1
54.0,1,1,1
54.25,1,1,1
54.5,1,1,1
54.75,1,1,1
55.0,1,1,1
55.25,1,1,1
55.5,1,1,1
55.75,1,0,1
56.0,1,1,1
56.25,1,1,1
56.5,1,1,1
56.75,1,1,1
57.0,1,1,1
57.25,1,1,1
57.5,1,1,1
57.75,1,1,1
58.0,1,1,1
58.25,1,1,1
58.5,1,1,1
58.75,1,1,1
59.0,1,1,1
59.25,1,1,1
59.5,1,1,1
59.75,1,1,1
60.0,1,1,1
60.25,1,1,1
60.5,1,1,1
60.75,1,1,0
61.0,1,1,1
61.25,1,0,0
61.5,1,1,1
61.75,1,1,1
62.0,1,1,1
62.25,1,1,1
62.5,1,1,1
62.75,1,1,1
63.0,1,1,1
63.25,1,1,1
63.5,1,1,1
63.75,1,1,1
64.0,1,1,1
64.25,1,1,1
64.5,1,1,1
64.75,1,1,1
65.0,1,1,1
65.25,1,1,1
65.5,1,1,1
65.75,1,1,1
66.0,1,1,1
66.25,1,1,1
66.5,1,0,1
66.75,1,0,1
67.0,1,1,1
67.25,1,1,1
67.5,1,1,1
67.75,1,1,1
68.0,1,1,1
68.25,1,1,1
68.5,1,1,1
68.75,1,1,1
69.0,1,1,1
69.25,1,1,1
69.5,1,1,1
69.75,1,1,1
70.0,1,1,1
70.25,1,1,1
70.5,1,1,1
70.75,1,1,1
71.0,1,1,1
71.25,1,1,1
71.5,1,1,1
71.75,1,1,1
72.0,1,1,1
72.25,1,1,1
72.5,1,1,1
72.75,1,0,1
73.0,1,0,1
73.25,1,1,1
73.5,1,1,1
73.75,1,1,1
74.0,1,1,1
74.25,1,1,1
74.5,1,1,1
74.75,1,1,1
75.0,1,1,0
75.25,1,1,1
75.5,1,1,1
75.75,1,1,1
76.0,1,1,1
76.25,1,1,1
76.5,1,1,1
76.75,1,1,1
77.0,1,1,1
77.25,1,1,1
77.5,1,1,1
77.75,1,0,1
78.0,1,1,1
78.25,1,1,1
78.5,1,1,1
78.75,1,1,1
79.0,1,1,1
79.25,1,1,1
79.5,1,1,1
79.75,1,1,1
80.0,1,1,1
80.25,1,1,1
80.5,1,1,1
80.75,1,0,1
81.0,1,1,1
81.25,1,1,1
81.5,1,1,1
81.75,1,1,1
82.0,1,1,1
82.25,1,1,1
82.5,1,1,1
82.75,1,1,1
83.0,1,1,1
83.25,1,1,1
83.5,1,0,1
83.75,1,1,1
84.0,1,1,1
84.25,1,1,1
84.5,1,1,1
84.75,1,1,1
85.0,1,1,1
85.25,1,1,1
85.5,1,1,1
85.75,1,1,1
86.0,1,1,1
86.25,1,1,1
86.5,1,1,1
86.75,1,1,1
87.0,1,1,1
87.25,1,1,1
87.5,1,1,1
87.75,1,1,1
88.0,1,1,1
88.25,1,1,1
88.5,1,1,1
88.75,1,0,1
89.0,1,1,1
89.25,1,1,1
89.5,1,1,1
89.75,1,1,1
90.0,1,1,1
90.25,1,1,1
90.5,1,1,1
90.75,1,1,1
91.0,1,1,1
91.25,1,1,1
91.5,1,1,1
91.75,1,1,1
92.0,1,1,1
92.25,1,1,1
92.5,1,1,1
92.75,1,1,1
93.0,1,1,1
93.25,1,1,1
93.5,1,1,1
93.75,1,1,0
94.0,1,0,0
94.25,1,0,0
94.5,1,1,1
94.75,1,1,1
95.0,1,1,1
95.25,1,1,1
95.5,1,1,1
95.75,1,1,1
96.0,1,1,1
96.25,1,1,1
96.5,1,1,1
96.75,1,1,1
97.0,1,1,1
97.25,1,1,1
97.5,1,1,1
97.75,1,1,1
98.0,1,1,1
98.25,1,1,1
98.5,1,1,1
98.75,1,1,1
99.0,1,1,1
99.25,1,1,1
99.5,1,1,1
99.75,1,1,1
100.0,1,1,1
100.25,1,1,1
100.5,1,1,1
100.75,1,0,1
101.0,1,0,1
101.25,1,0,1
101.5,1,0,1
101.75,1,0,1
102.0,1,1,1
102.25,1,1,1
102.5,1,1,1
102.75,1,1,1
103.0,1,1,1
103.25,1,1,1
103.5,1,1,1
103.75,1,1,1
104.0,1,1,1
104.25,1,1,1
104.5,1,1,1
104.75,1,1,1
105.0,1,1,1
105.25,1,1,1
105.5,1,1,1
105.75,1,1,1
106.0,1,1,1
106.25,1,1,1
106.5,1,1,1
106.75,1,1,1
107.0,1,1,1
107.25,1,1,1
107.5,1,1,1
107.75,1,1,1
108.0,1,1,1
108.25,1,1,0
108.5,1,1,1
108.75,1,1,1
109.0,1,1,1
109.25,1,1,1
109.5,1,1,1
109.75,1,1,1
110.0,1,1,1
110.25,1,1,1
110.5,1,1,1
110.75,1,1,1
111.0,1,1,1
111.25,1,1,1
111.5,1,1,1
111.75,1,1,1
112.0,1,1,1
112.25,1,1,1
112.5,1,1,1
112.75,1,1,1
113.0,1,1,1
113.25,1,1,1
113.5,1,1,1
113.75,1,1,1
114.0,1,1,1
114.25,1,1,1
114.5,1,1,1
114.75,1,1,1
115.0,1,1,1
115.25,1,1,1
115.5,1,1,1
115.75,1,1,1
116.0,1,1,1
116.25,1,1,1
116.5,1,1,1
116.75,1,1,1
117.0,1,1,1
117.25,1,1,1
117.5,1,0,1
117.75,1,1,1
118.0,1,1,1
118.25,1,1,1
118.5,1,1,1
118.75,1,1,1
119.0,1,1,1
119.25,1,1,1
119.5,1,1,1
119.75,1,1,1
120.0,1,1,1
120.25,1,1,1
120.5,1,1,1
120.75,1,1,1
121.0,1,1,1
121.25,1,1,0
121.5,1,1,1
121.75,1,0,1
122.0,1,1,1
122.25,1,1,1
122.5,1,1,1
122.75,1,1,1
123.0,1,1,1
123.25,1,1,1
123.5,1,1,1
123.75,1,1,1
124.0,1,1,1
124.25,1,1,1
124.5,1,1,1
124.75,1,1,1
125.0,1,1,1
125.25,1,1,1
125.5,1,1,1
125.75,1,1,1
126.0,1,1,1
126.25,1,1,1
126.5,1,1,1
126.75,1,1,1
127.0,1,1,1
127.25,1,1,1
127.5,1,1,1
127.75,1,1,1
128.0,1,1,1
128.25,1,1,1
128.5,1,1,1
128.75,1,1,1
129.0,1,1,1
129.25,1,1,1
129.5,1,1,1
129.75,1,1,1
130.0,1,1,1
130.25,1,1,1
130.5,1,1,1
130.75,1,1,1
131.0,1,1,1
131.25,1,1,1
131.5,1,1,1
131.75,1,1,1
132.0,1,1,1
132.25,1,1,1
132.5,1,1,1
132.75,1,1,1
133.0,1,1,1
133.25,1,0,0
133.5,1,0,0
133.75,1,1,1
134.0,1,1,1
134.25,1,1,1
134.5,1,1,1
134.75,1,1,1
135.0,1,1,1
135.25,1,1,1
135.5,1,1,1
135.75,1,1,1
136.0,1,1,1
136.25,1,1,1
136.5,1,1,1
136.75,1,1,1
137.0,1,1,1
137.25,1,1,1
137.5,1,1,1
137.75,1,1,1
138.0,1,1,1
138.25,1,1,0
138.5,0,1,0
138.75,0,0,0
139.0,0,0,0
139.25,1,1,1
139.5,1,1,1
139.75,1,1,1
140.0,1,1,1
140.25,1,1,1
140.5,1,1,1
140.75,1,1,1
141.0,1,1,1
141.25,1,1,1
141.5,1,1,1
141.75,1,0,1
142.0,1,1,1
142.25,1,1,1
142.5,1,1,1
142.75,1,1,1
143.0,1,1,1
143.25,1,1,1
143.5,1,1,1
143.75,1,1,1
144.0,1,1,1
144.25,1,1,1
144.5,1,1,1
144.75,1,1,0
145.0,0,1,0
145.25,0,0,0
145.5,1,0,0
145.75,1,0,0
146.0,1,1,0
146.25,1,0,1
146.5,0,1,0
146.75,1,1,1
147.0,1,1,1
147.25,1,1,1
147.5,1,1,1
147.75,1,1,1
148.0,1,1,1
148.25,1,1,1
148.5,1,0,1
148.75,1,1,1
149.0,1,1,1
149.25,1,1,1
149.5,1,1,1
149.75,1,1,1
150.0,1,1,1
150.25,1,1,1
150.5,1,1,1
150.75,1,1,1
151.0,1,1,1
151.25,1,1,1
151.5,1,1,1
151.75,1,1,1
152.0,1,0,1
152.25,1,1,1
152.5,1,1,1
152.75,1,1,1
153.0,1,1,1
153.25,1,1,1
153.5,1,1,1
153.75,1,1,0
154.0,1,1,1
154.25,1,1,1
154.5,1,1,1
154.75,1,1,1
155.0,1,1,1
155.25,1,0,1
155.5,1,1,1
155.75,1,1,0
156.0,1,1,1
156.25,1,1,1
156.5,1,1,1
156.75,1,1,1
157.0,1,1,1
157.25,1,1,1
157.5,1,0,1
157.75,1,1,1
158.0,1,1,1
158.25,1,1,1
158.5,1,1,1
158.75,1,1,1
159.0,1,1,1
159.25,1,1,1
159.5,1,1,1
159.75,1,1,1
160.0,1,1,1
160.25,1,1,1
160.5,1,0,1
160.75,1,1,1
161.0,1,1,1
161.25,1,1,1
161.5,1,1,1
161.75,1,1,1
162.0,1,1,1
162.25,1,1,1
162.5,1,1,1
162.75,1,1,1
163.0,1,1,1
163.25,1,1,1
163.5,1,1,1
163.75,1,1,1
164.0,1,1,1
164.25,1,1,1
164.5,1,1,1
164.75,1,1,1
165.0,1,1,1
165.25,1,1,1
165.5,1,1,1
165.75,1,1,1
166.0,1,1,1
166.25,1,1,1
166.5,1,1,1
166.75,0,0,1
167.0,1,0,1
167.25,1,0,1
167.5,1,1,1
167.75,1,1,1
168.0,1,1,1
168.25,1,1,1
168.5,1,1,1
168.75,1,1,1
169.0,1,1,1
169.25,1,1,1
169.5,1,1,1
169.75,1,1,1
170.0,1,1,1
170.25,1,1,1
170.5,1,0,1
170.75,1,1,1
171.0,1,1,1
171.25,1,1,0
171.5,1,1,1
171.75,1,1,1
172.0,1,1,1
172.25,1,1,1
172.5,1,1,1
172.75,1,1,1
173.0,1,1,1
173.25,1,1,1
173.5,1,1,1
173.75,1,1,1
174.0,1,1,1
174.25,1,1,1
174.5,1,1,1
174.75,1,1,1
175.0,1,1,1
175.25,1,1,1
175.5,1,1,1
175.75,1,1,1
176.0,1,1,1
176.25,1,1,1
176.5,1,1,1
176.75,1,1,1
177.0,1,1,1
177.25,1,1,1
177.5,1,1,1
177.75,1,1,1
178.0,1,1,1
178.25,1,1,1
178.5,1,1,1
178.75,1,1,1
179.0,1,1,1
179.25,1,1,1
179.5,1,1,1
179.75,1,1,1
180.0,1,1,1
180.25,1,1,1
180.5,1,1,1
180.75,1,1,1
181.0,1,1,1
181.25,1,1,1
181.5,1,0,1
181.75,1,1,1
182.0,1,1,1
182.25,1,1,1
182.5,1,1,1
182.75,1,1,1
183.0,1,1,1
183.25,1,1,1
183.5,1,1,1
183.75,1,1,1
184.0,1,1,1
184.25,1,1,1
184.5,1,1,1
184.75,1,1,1
185.0,1,1,1
185.25,1,1,1
185.5,1,1,1
185.75,1,1,1
186.0,1,1,1
186.25,1,1,1
186.5,1,1,1
186.75,1,1,1
187.0,1,1,1
187.25,1,1,1
187.5,1,1,1
187.75,1,1,1
188.0,1,1,1
188.25,1,1,1
188.5,1,1,1
188.75,1,1,1
189.0,1,1,1
189.25,1,1,1
189.5,1,1,1
189.75,1,1,1
190.0,1,1,1
190.25,1,1,1
190.5,1,1,1
190.75,1,1,1
191.0,1,1,1
191.25,1,1,1
191.5,1,1,1
191.75,1,1,1
192.0,1,1,1
192.25,1,1,1
192.5,1,1,1
192.75,1,1,1
193.0,1,0,0
193.25,1,1,1
193.5,1,1,1
193.75,1,1,1
194.0,1,1,1
194.25,1,1,1
194.5,1,1,1
194.75,1,1,1
195.0,1,1,1
195.25,1,1,1
195.5,1,1,1
195.75,1,1,1
196.0,1,1,1
196.25,1,1,1
196.5,1,1,1
196.75,1,1,1
197.0,1,1,1
197.25,1,1,1
197.5,1,1,1
197.75,1,1,1
198.0,1,1,0
198.25,1,1,0
198.5,1,0,0
198.75,1,1,1
199.0,1,1,1
199.25,1,1,1
199.5,1,1,1
199.75,1,1,1
200.0,1,1,1
200.25,1,1,1
200.5,1,1,1
200.75,1,1,1
201.0,1,1,1
201.25,1,1,1
201.5,1,1,1
201.75,1,1,1
202.0,1,1,1
202.25,1,1,1
202.5,1,1,1
202.75,1,1,1
203.0,1,1,1
203.25,1,1,1
203.5,1,0,0
203.75,1,1,0
204.0,0,0,0
204.25,1,1,1
204.5,1,1,1
204.75,1,1,0
205.0,1,1,0
205.25,1,1,1
205.5,1,1,1
205.75,1,1,1
206.0,1,1,1
206.25,1,1,1
206.5,1,1,1
206.75,1,0,1
207.0,1,1,1
207.25,1,1,1
207.5,1,1,1
207.75,1,1,1
208.0,1,1,1
208.25,1,1,1
208.5,1,1,1
208.75,1,1,1
209.0,1,1,1
209.25,1,1,1
209.5,1,1,1
209.75,1,1,1
210.0,1,1,1
210.25,1,1,1
210.5,1,1,1
210.75,1,1,1
211.0,1,1,1
211.25,1,1,1
211.5,1,1,1
211.75,1,1,1
212.0,1,1,1
212.25,1,1,1
212.5,1,1,1
212.75,1,1,1
213.0,1,1,1
213.25,1,1,1
213.5,1,1,1
213.75,1,1,1
214.0,1,1,1
214.25,1,1,1
214.5,0,0,1
214.75,1,0,1
215.0,0,0,0
215.25,1,0,1
215.5,0,0,0
215.75,1,0,1
216.0,1,0,1
216.25,1,1,1
216.5,1,0,1
216.75,1,0,1
217.0,0,0,0
217.25,0,0,0
217.5,0,0,0
217.75,0,0,0
218.0,0,0,0
218.25,0,0,0
218.5,0,0,0
218.75,0,0,0
219.0,0,0,0
219.25,0,0,0
219.5,0,0,0
219.75,0,0,0
220.0,0,0,0
220.25,0,0,0
220.5,0,0,0
220.75,0,0,0
221.0,0,0,0
221.25,0,0,0
221.5,0,0,0
221.75,0,0,0
222.0,0,0,0
222.25,1,0,0
222.5,0,0,0
222.75,0,0,0
223.0,0,0,0
223.25,0,0,0
223.5,0,0,0
223.75,0,0,0
224.0,0,0,0
